X1,X2,y
-3.757779133948234,4.529141597051586,0
-7.915751789329653,-3.6140489120984696,1
2.886725762609526,5.643366806393347,0
-9.009907196313408,-2.4549960738732834,1
-12.3588226413537,-3.802458420843616,1
-12.135003856134652,-5.3085126369024485,1
-10.668922412747555,-3.670474178796645,1
-10.670197163736974,-2.9143151799114335,1
-0.0994261762173767,3.0288298113931225,0
-11.36787761813526,-4.889206276366198,1
-12.427181044384085,-0.9456377590433176,1
-11.931407562865482,-3.788674128194678,1
-2.6655533353820653,4.97283554832454,0
-0.7825899902323803,4.892901234015793,0
0.47586173807496124,5.762488629848452,0
-12.098604173656078,-1.6289352675463107,1
-7.75310453661278,-1.4472547147968182,1
0.08260006656307084,4.365195789441194,0
-10.685165560660234,-6.282407359520831,1
-8.078012246207138,-4.630982459755837,1
-7.740929703656094,-4.820989006160673,1
-2.0891372790412803,3.10015839436522,0
-13.224277236459038,-3.748897039307796,1
-0.398267568736864,4.252159042482855,0
-12.31430617573315,-6.27319010731619,1
-9.74989662385922,-2.4889041002413035,1
-1.261096302177092,4.015790780545092,0
-1.5034798213848855,5.198495001950916,0
0.13881691390374096,4.684224495069078,0
-1.9579660813743636,4.859429936952379,0
-11.666183938962714,-2.8566304930253597,1
-9.670594756973848,-4.4300718968353765,1
-2.513282886216475,2.8137947268768895,0
-9.144025609915934,-3.657374559741519,1
-2.156484660847462,4.986298586542798,0
-0.011065406827750701,3.054038133129165,0
0.025558337084383265,4.864390429209178,0
-1.02431837485235,4.522499971366001,0
-1.4461828471590428,5.176748088825983,0
-10.635187296300789,-1.7758301848863032,1
-2.2034780373144076,2.17875519185498,0
-2.0164728095767934,6.139421697975499,0
-2.1314056988244507,2.388974838440599,0
-11.817174960418054,-2.7901282865551744,1
-10.832114456577502,-7.854311261032847,1
-9.564787430137894,-3.8658874732470787,1
-12.148758597081228,-3.0129890884077604,1
-1.2448109487152441,3.306582463000192,0
-9.48517960534377,-4.141107544243748,1
-9.452690625791703,-5.4229288345306745,1
-2.2368082791977053,6.593652226757442,0
-10.950343632373896,-5.294904513076543,1
-10.806261373683157,-2.987198565448802,1
-11.603144941047221,-4.124020893833828,1
-2.4958019886275844,5.815242985137893,0
-8.486362025555913,-4.013926359188629,1
-8.924407326068025,-1.5069891662426427,1
-0.9136562579795537,4.762488917852556,0
-11.644837221784648,-2.815392952831032,1
-2.1431857119687807,3.830408336840538,0
-9.604899285242592,-4.8338920550954105,1
-7.465136829160593,-3.5973620014184142,1
-11.606500456639539,-3.518286500829948,1
-10.84052702305639,-3.471891922460056,1
-10.301753365214294,-3.734870821433473,1
-0.4567683581415025,4.47634081647938,0
-2.175340419305133,4.471885154094532,0
-2.666429102203748,4.38749297046481,0
-0.9828754978466216,3.364108517065303,0
-10.487829330725738,0.28760114372627044,1
-8.562678269205009,-4.075703576840755,1
-3.1014553044942845,2.2190031782534305,0
-10.643867112741503,-2.536921453564271,1
-10.149783675454175,-4.451664566478834,1
-1.8427909286160444,3.3852125078171853,0
-0.44313239674318594,5.973153010904049,0
-0.18213239836970319,6.013368510611998,0
-2.2962990918049107,3.3091933962476614,0
-0.9047826857955305,6.3463286926415545,0
-9.542327865049936,-5.154529106713355,1
-11.738377294457257,-1.6687034764712276,1
-8.79885119694982,-1.9560497619948123,1
-3.6812073178290152,6.612599653880215,0
-2.975482184325802,3.104809034533773,0
-0.4462933655499963,7.091121893652568,0
-10.4491085779522,-3.5763840992337883,1
-2.7183206670519455,6.195518970475202,0
-2.228836179249339,2.884284332555155,0
-1.2863611638668637,3.9615281402868674,0
-14.18487856053585,-0.9450061835312331,1
-10.533493792057627,-4.735413125475262,1
-4.13564180468467,3.070656492598589,0
-9.684194083548046,-6.599960668309281,1
-1.379717819466093,5.021567339655546,0
-7.59122658897859,-4.353084388722341,1
-10.031251561687375,-6.054053513049805,1
-1.1087121851227224,6.2558386574075175,0
-3.682604576144383,6.3602931735724315,0
-6.421104795951286,-4.065094670422985,1
-8.552922857942468,-6.897961149286104,1
-9.26343757644042,-3.5951547610787786,1
-11.5334114781424,-3.101701437879725,1
-1.9394283962157188,4.3212531475143905,0
-11.981376960666475,-3.0490540439321885,1
-4.774762938833851,5.827741619861675,0
-7.252853146582366,-6.091082805756774,1
-11.833531979515968,-3.1159522195117484,1
-10.606818855446335,-4.985959862116093,1
-9.680862011913042,-0.8818662916478672,1
-1.0543224432623195,5.296857653698762,0
-8.349679752082421,-2.2235296153011213,1
-9.547974700990165,-6.738310680699304,1
-10.011514820018201,-2.953432519254039,1
-1.2093044260147783,3.8781150991028834,0
-1.9453823524406975,4.7564985582333446,0
0.6452445860831286,4.405927355705628,0
0.7819162237748403,4.913507413704875,0
-1.5511820572146926,5.921170871264499,0
-10.762215614573723,-3.3176884020714477,1
-10.111788952885647,-4.443647665436522,1
-8.65383028189667,-5.613516852185385,1
-2.451817534343703,2.7970369356089058,0
-9.27644333375535,-3.7893710015050517,1
-10.195270847514537,-0.6948493529800661,1
-9.547635615229094,-4.798557913223435,1
-10.898469011589524,-4.92630219876557,1
-3.335525428901436,4.7581134155688,0
-8.379126921227007,-4.983595986030789,1
-2.0027086492537634,6.8265319306878345,0
-1.1941514742728687,1.2651181445089432,0
-1.7176031698475962,1.9828313367882195,0
-9.290411101522174,-1.9727216782654744,1
-5.2798144077092015,1.7401403051341804,0
0.06933879656738595,4.070136210657914,0
-8.01367152599014,-3.662086022922539,1
-10.93762367054868,-2.795169031202156,1
-10.881857010529762,-3.292996790792869,1
-11.164170039717021,-2.776938796702578,1
-3.0075846959264885,4.885975281760052,0
-10.103308124515118,-4.864544700262347,1
-0.4354943794624282,3.487879409149926,0
-1.1008746286813558,4.183755164254071,0
-7.70384070855095,-2.923624587165736,1
-8.65703634558154,-2.529446418013133,1
-0.7463844175863563,1.584373568094072,0
-2.082164309546939,7.491023153640602,0
-10.576694643946219,-6.569907109194043,1
-10.988377289793332,-5.17861518615349,1
-9.415830831302625,-1.7491169856536106,1
-2.845759836611271,6.242073186783325,0
-10.370171253433487,-1.8495962579347438,1
-1.3108180671804126,5.430316979139889,0
-0.760740052759632,2.2011342353111916,0
-0.7268546494901609,3.5067830722368907,0
3.322058228307027,3.5061518732771892,0
-8.638320383525196,-1.7534114369541332,1
-1.2274426554407938,6.653652144208713,0
0.3049989525754606,2.674015916449115,0
-6.645629897214273,-3.8830792400757526,1
-7.654083209413656,-5.259550876275296,1
-1.0616623237063636,4.118484323896595,0
-2.3168603069565226,4.684793300292995,0
0.037884175228620975,6.686215093476459,0
-13.770099440261768,-2.7314110248867722,1
-4.115734295461032,10.344393924900107,0
-1.874353523459376,5.955965537267788,0
0.08094794904213476,4.960728943406747,0
-8.306085486227758,-3.877908688822632,1
-9.263883713018362,-5.62859693321758,1
-9.50042240790204,-5.516003970395137,1
-3.4312146651062543,3.7165947121912897,0
-0.8455919640990455,1.469236240444645,0
-11.901000942413802,-1.3152095222374536,1
-8.664153468599947,-1.216120367478224,1
0.5252311737606461,4.881445722399098,0
-1.0679178609303506,5.4947737062235,0
-8.997827625110219,-6.256976860551042,1
-12.621820636246934,-1.964464522130482,1
-13.253779092268706,-4.876586006501837,1
-8.995893161606599,-3.9987937165214227,1
-2.9458051430581778,3.005217104121238,0
-4.507777994927462,2.7308238301844927,0
0.17025166259741265,2.7058018157527943,0
1.0458235662812267,3.727702408917123,0
-10.379991924518935,-4.164714675948442,1
-1.626765651008691,3.7034791444263244,0
-12.001255681201012,-3.074419367583945,1
-10.593401027937315,-2.6242136670527176,1
-11.549406975453024,-4.462388203235112,1
-1.0023103850116633,6.0899823513288,0
-1.9118581655655935,4.145219352381176,0
-9.948789278918087,-5.869803049985057,1
-0.1835415505381588,3.566967735965326,0
-13.745031575042596,-3.3768095177512163,1
-3.565251070526739,4.830983169559664,0
0.4236091886068829,3.4144735041136336,0
-0.05610247264662549,4.46704701537742,0
-8.846772063921977,-6.174330476283606,1
-2.2608771936319094,5.642498296518773,0
-10.856615229619052,-6.427974003385213,1
-8.687201169652594,-2.553468602484209,1
-2.111024136881527,5.617673744351067,0
-8.551678555326975,-3.2919145463425394,1
-7.129609383847457,-4.148861445786213,1
-8.872150286414357,-4.077241405805718,1
-9.943416309512449,-0.9083523162025129,1
-3.12621940824797,4.664425567094548,0
-3.967749774565484,3.7346470917689834,0
0.6492506085340746,2.683433524387743,0
-2.9048177489211904,3.0856234690769053,0
-6.916000360675139,-4.840697922763294,1
-0.35623067043971757,5.532107328640674,0
-2.0621168621293844,4.208976429412634,0
-1.1825384613197663,3.0710825406807882,0
-1.007062419554258,5.772125273347788,0
-10.246742308195097,-2.1999589858713975,1
-3.321128659375348,4.379912391977948,0
-2.478221157922371,4.108233074509816,0
-7.647683202008885,-4.30997069458125,1
-3.060431889388272,3.606959379717763,0
-1.7183272902627647,4.063358612012843,0
-12.518724212810069,-6.670979119441912,1
-10.29762159348502,-3.942265071803929,1
-8.357752554127106,-5.072684960483138,1
-0.8786954003384633,2.6899777844084474,0
-10.002070679066414,-4.0442940007820685,1
-0.8653619194194557,4.61304168383924,0
-9.024252094623026,-4.832114168423627,1
-11.425838611126332,-5.6579981993397475,1
-0.5325540532077926,4.617083023514187,0
-8.484077109644875,-3.7853895161184123,1
-0.9826338818882632,1.8803998900408057,0
-9.92641057040545,-3.6034289567791418,1
-3.269006324015987,5.149227785643636,0
-2.0782064882634548,6.840763497774163,0
-9.22766510023333,-2.656595992079363,1
0.2510739892896454,7.357142492725264,0
-1.7072856649967068,4.575221482464455,0
-0.2568382365619073,7.125281591519473,0
-0.14436913994643286,5.786516768714806,0
-3.3342649327756364,4.527880520303079,0
-11.22103353046022,-5.048238465794664,1
-10.857753597538792,-4.129220063057543,1
-0.30717382505932633,5.160231377195964,0
-3.310488671767901,6.123575433602583,0
-10.99055025606261,-3.564800694675199,1
-9.029983523960235,-2.0301358022292244,1
-0.8662402875707584,1.0508601021744557,0
-10.54229267984514,-6.101449086586566,1
-1.5833482737844762,3.4509963989891315,0
-9.308039953337826,-4.262844915430525,1
-1.4493950839913903,2.2777667031264315,0
-2.93674339074476,5.907812004363613,0
-1.825230445574494,3.48044677327462,0
-11.652537023062731,-5.587675195057767,1
-11.969014052443335,-4.316051345347514,1
-11.448231060165416,-2.1267741635501753,1
-1.2311789180671313,5.734201615249254,0
-1.1537284984858318,5.9185880184568065,0
-0.8724341675032838,3.6908035591391632,0
-0.9210550720435463,3.385472657329833,0
-13.807645608611612,-5.28829081284476,1
-2.4430946036520624,3.8526060160997093,0
-9.900636445371772,-3.1178501371044565,1
-11.552696304995806,-3.135507160885937,1
-13.2962994901063,-2.558113051275655,1
-10.613037732560601,-4.633849234447704,1
-11.044427353843197,-4.820837122892883,1
-4.789145754133309,4.9491923296997316,0
-10.946597717237456,-4.268118970153583,1
1.0562424652396647,2.4478994850065554,0
-9.093158638463054,-3.4817006467344984,1
-2.3437362386715477,2.9366544913504606,0
-6.673947499881224,-2.7136337117605525,1
-6.938204105093164,-1.5581907003307265,1
-3.8257306140929037,3.6497910744234847,0
-1.2955557443258277,4.709235137154168,0
-10.510177380601165,-4.811387378182846,1
-9.48848079529962,-3.513951858842348,1
-9.236835126844042,-4.128199683448323,1
-2.503018052477154,7.338806981356713,0
-6.240206476587977,5.126268425573888,0
-1.6623971302055252,2.311559231950014,0
-4.008167131932378,5.92722356930072,0
-7.543539820413173,-3.312760741601936,1
-11.632015011305317,-3.144641214257364,1
0.4517500944133235,4.60014223840925,0
-8.683412709677565,-3.7684653520040152,1
-8.232134119988139,-4.915010270160039,1
-8.232107173322735,-1.4932624958895966,1
-9.981643863711504,-3.137162421981875,1
-1.8335376841571138,4.143301415850533,0
-0.38050381336059,4.459530014425297,0
-6.772181792263759,-2.5405492845000164,1
-0.9919148404316616,4.553658238176149,0
-1.8402567636312808,2.5568087656735217,0
-9.922828771551316,-3.62413230670005,1
-11.916851738123384,-5.963662311218456,1
-8.71139117326751,-3.7465212454984633,1
-3.43303709571297,3.4078580915444716,0
-1.4925540063740645,4.377206031362752,0
-11.160918155708984,-1.1070823366541793,1
-1.4187124183347521,4.226264905400038,0
-8.550380298348664,-0.31688861846643235,1
-10.015313825217937,-5.019099559363637,1
-8.02836938635851,-3.9183130060087183,1
-0.9869889297759884,6.094475116839542,0
-1.3880017894117134,6.067253045266755,0
-2.415520829661996,4.4334237063194015,0
-1.6071445219029095,6.587366241256388,0
-0.620698384639486,3.688481334219669,0
-0.39031893457096944,3.117215957595182,0
-0.6680294745504802,7.094727182306512,0
-9.586971867653249,-4.208473891391978,1
-11.470953940696106,-4.624310789993271,1
-11.745539506698156,-4.591477084570646,1
-2.780297346574776,6.945171770384782,0
-8.976244112682025,-1.3094351952382333,1
-10.94931956910437,-4.741003638271613,1
-3.851665313031679,3.6319680058741284,0
-7.9278926520466815,-4.188612463135358,1
-2.697051033536483,3.8113595785591956,0
-2.5895611718707134,5.45353791995149,0
-8.290453349731486,-3.5101890503752458,1
-11.239238439562605,-2.5074916512002665,1
-2.8932606893048973,5.489056807012201,0
-1.8192500882818294,0.2199952588023919,0
-1.926008199923846,2.140805306211808,0
-10.318694175995393,-2.234457516161722,1
-11.751154520851951,-6.80254319679538,1
-9.288522998125991,-2.372037993909554,1
-7.539270098922161,-5.941585445905684,1
-11.063696159674276,-2.2566556467257617,1
-10.404555576333493,-1.158978912702997,1
-10.342883598830003,-4.68987019641187,1
-11.119001906522502,-4.8333692069093885,1
-2.0613920253875433,5.2020230689504405,0
-10.238069677337634,-2.8699283619111307,1
-3.2950674046307418,6.956772088811451,0
-2.0930559204632435,3.818765509131089,0
-0.8628142157641818,4.412491131806225,0
-1.0152706959155728,3.4959922715430922,0
-1.194834768037287,5.983471020616289,0
-9.561205690097514,-2.34099892454555,1
-2.3296087111641994,4.713055961224906,0
-10.671731274981692,-2.325471566808289,1
-9.673061107129202,-5.188514403653243,1
-9.584216390927994,-6.598223248850052,1
-10.277374410578927,-4.486210817608647,1
-9.793555807824891,-2.343951900368014,1
-2.287966752465704,3.6877124961520527,0
-10.150276174294824,-6.652297241690285,1
-11.331708874614874,-3.771466116807837,1
-10.929590159298469,-2.377426574062296,1
-13.923647645235004,-6.6754391787140985,1
-1.0336068984862257,5.583645845366545,0
-9.713914375915454,-2.1174445339878587,1
-10.211597941397569,-3.5544533308108273,1
-10.87599512381967,-1.7211361972035903,1
-11.17868281660557,-3.5829644506550693,1
-1.4470990994498119,0.6320340773945379,0
-7.757878302672021,-5.346314960432233,1
-10.333074834835932,-5.560418367943256,1
-0.2102286120810073,5.495365147624393,0
-1.7982083837608989,4.049676970657913,0
-13.070013191764264,-3.2275230733512195,1
-8.642148353826167,-4.799594443181279,1
-2.1983960495146277,5.164562722972538,0
-9.363207689278187,-4.154721394308683,1
-8.262268758065755,-4.212607605206414,1
-9.156335416033082,-5.335837129133896,1
0.4199114904209589,5.228684245875451,0
-9.980557646919976,-1.806949350599249,1
-3.1923888229104835,5.598282228244785,0
-0.3796380730150861,3.7869459042766134,0
0.5175839849378834,3.479434597320793,0
-12.082037861358875,-2.7019237394855686,1
-9.111971704352642,-2.3372836959236323,1
-7.52488586865969,-1.7651887312137968,1
0.01201455922116823,3.5267039606107726,0
-0.7890647370436756,2.9465884909693014,0
-10.47663379177558,-4.236348055720883,1
-12.979456800745034,-2.6614157742760294,1
-7.8967856749460665,-6.203613872605393,1
-4.238651617877804,4.4921713629663,0
-8.025301322376063,-3.980734850124275,1
-11.140464539520774,-5.392646281705607,1
-4.876225976041195,3.8521462308370116,0
1.417200258337647,5.284982869101735,0
-9.001593182362042,-5.920335120377445,1
-2.7101576633304014,4.101398195396324,0
-0.7046847918265733,6.520369952889174,0
1.4391150743797319,2.1997544800942244,0
-9.226095162803619,-3.9792248452527805,1
-11.204524881683264,-4.923221870435283,1
-6.834589858655162,-1.5330062207247748,1
-10.179046469382605,-4.344189433296732,1
-7.973870986259036,-5.86601934436845,1
-2.9195432778668904,0.9591810480363838,0
-1.4611882375688425,3.5616349626669765,0
-1.9815406692875537,5.9383620579915135,0
-10.52135304852795,-3.594781488917537,1
-10.27915202731994,-4.176760391079918,1
-11.65216682703966,-2.8141081578705633,1
-11.983330620495932,-3.6288491109324936,1
-11.665439639816384,-5.733176098780717,1
-1.9521459172623712,5.614580005191434,0
-11.085697208826176,-0.9767316740355225,1
-8.514946540324392,-2.3911890957974906,1
0.5317786647460974,5.295199070979191,0
-8.485419087287708,-8.477396525177152,1
-10.937397323148176,-5.931132314470026,1
-10.748778052043392,-5.4883918495934765,1
-1.345914891085238,6.739013860342794,0
-2.1247350662256097,0.7542332226824531,0
-5.0002288537235415,1.8574894617597177,0
-9.019443049930558,-4.300575792919449,1
-0.7412111212564401,5.52381667350414,0
-9.498040677945854,-7.002158230595586,1
-12.286765285627006,-5.096475755230903,1
-0.2097510306049335,5.476063444298065,0
-0.4703496070694979,3.471193774323474,0
0.6786484049812693,4.570593913481304,0
-1.8685876141249014,3.313683634706109,0
-10.042616318905976,-5.016753617824069,1
-9.51925476507241,-3.5560471086845484,1
-1.3144178029019444,5.549506639311199,0
0.7718085224841018,3.1972126427698253,0
0.003365231035993066,3.3521092644779085,0
-2.8588811419861595,3.9690979755919127,0
-11.209296053695697,-2.1032111834143103,1
-11.263579735559805,-5.7134634068613455,1
-10.33584262719022,-4.398979679199035,1
-1.5684346122492594,4.7231770013547365,0
-11.869313685011832,-1.759946573199994,1
0.08236863406419159,6.011438177268361,0
-11.034615938796344,-2.239502667355372,1
-10.398107947127718,-2.889612789553628,1
-5.70710251844759,2.5864826801001044,0
-9.578979323201105,-1.492518074530301,1
-13.051566156163586,-4.944711261453314,1
-9.46580942548386,-4.271908475599135,1
-1.9309403590657452,3.5006089271532757,0
-9.370169628702703,-2.859183936691725,1
0.8301433597162862,5.519556109709165,0
-9.827690120893164,-4.440461943424657,1
-0.7245166410814705,3.75405484441032,0
-8.916683601509847,-6.2715200034928955,1
-10.05543619708027,-4.6774388409115275,1
-3.2278612770138615,4.939416629352506,0
-5.075506900939068,4.302053059660468,0
-3.855640266319407,4.1747530781273685,0
-1.4793214772260759,5.332294533404291,0
-3.0332476795515384,3.795611804313213,0
-10.321945227752398,-2.7028303280694166,1
-9.789394191848844,-5.7595005718677585,1
-5.419220884962611,1.2352439859679225,0
-9.205786672154293,-6.2950283833512355,1
-8.720028047380127,-1.501444795309082,1
-10.962022896032549,-2.7007609993214823,1
-0.7560809855050761,5.036913174313751,0
-1.1912018724290196,4.116507408132156,0
-11.239933887435512,-4.119441168424852,1
-9.806740550294968,-4.059773059714493,1
-9.84712492005378,-3.471359797169323,1
-8.04587524705936,-4.421936720150359,1
-4.293448366297797,5.478674265071884,0
0.4100773814608063,5.310166220702577,0
-0.9180474294749514,2.165199220931135,0
-10.254874284869402,-3.6729429787052115,1
-9.561530583950043,-4.61043030859464,1
-3.4891765014170684,8.080542842435257,0
-11.287453039454359,-4.6102108638864365,1
-12.186185442133567,-2.5245268197159625,1
-1.9341528863914799,4.074946516160658,0
-7.279446866260576,-4.729583281056167,1
-3.2613747706783522,4.291470824784564,0
-10.001833597245062,-1.9506365557852576,1
-1.7486117597712683,6.579973975080515,0
-0.4817195264964873,3.409188218392342,0
-8.061222446210369,-3.8335891304787753,1
-0.09206829143767337,5.3192619165704365,0
-11.553646257685578,-5.340160364727276,1
-1.1020544691307215,7.18600409644723,0
0.02256665640497646,5.019840675748403,0
-8.795751090966952,-3.359602720658983,1
-0.49343109807522545,4.228333110688528,0
-12.703627941626955,-3.548800277148549,1
-9.155255358867993,-1.6812229736398283,1
-7.422079404068617,-5.159764036448026,1
-0.63355791367559,3.87637489454264,0
-0.142749310286157,2.191645878062891,0
-0.3614484619615017,0.9541818235227373,0
-3.3382330037881114,7.340608224398625,0
-6.739306729920915,-5.1918293837590035,1
-2.251594427441856,2.648769800011478,0
-1.0688783090745415,4.0642788327924775,0
0.06079065865070499,4.331936000105148,0
-8.001953330860816,-3.968483199897997,1
-9.72226214226592,-4.082988858125916,1
-0.727935854690007,5.840672425030206,0
-2.2217669369024984,3.281535442929662,0
-1.8635258950994036,3.2105851906034673,0
-1.7135451785393065,5.9620483415040235,0
-2.979843502760889,4.377989086522187,0
-10.46661702415071,-3.8015439176157253,1
-1.4125623071747095,5.573751137492511,0
0.881153763983602,4.701794537718599,0
-1.7139818387790728,3.157896847310128,0
-11.161554739610901,-5.461744380297166,1
-2.330252753127517,6.24325142605141,0
-1.516422275161633,5.788664971832429,0
-8.861720317207507,-4.062686915181018,1
-0.7325816050680174,4.1302253803625435,0
-0.3308212074996588,4.691282342917805,0
-1.3599205731595783,5.8055719893752995,0
-11.260066510617834,-8.683384722649777,1
-10.53398382468162,-3.169365786216021,1
-9.725100958908806,-3.7247872363848478,1
-2.793054053601467,7.183646710703426,0
-0.6709852117982043,1.9653323579187756,0
-7.225362451701249,-2.5701829951523627,1
-0.22781640612698828,4.5501100255083635,0
-9.659928352203625,-3.149842663308476,1
0.2997491917546533,3.4995854150965977,0
-2.6299349383308814,5.758720206316228,0
-12.06303706516191,-4.578187137174057,1
-9.685183121471724,-5.0458736755342635,1
-1.0055806115039048,3.3752587792529,0
-0.05608094852014278,4.09186046570933,0
-10.62451843032596,-5.298667926987381,1
-3.3998150634219337,6.43165009686575,0
-11.959669519148632,-1.7447540872703518,1
-4.577130343866578,3.033353316495602,0
-9.04744919748521,-6.491802370638782,1
-4.8732599995645725,3.1612365728090994,0
-10.166161128734112,-2.7471642708324944,1
-9.85354129014382,-3.725270035963061,1
-0.9595950051052584,5.957020170752413,0
-6.795885165284105,-3.9937951312877495,1
-1.4584876111165848,6.20957216214272,0
-2.3229038252182788,4.89178089924531,0
-1.1100618841384322,2.8396057959814742,0
-2.454739606248597,3.7956298328252656,0
-11.251786723731678,-3.791956140110432,1
-10.446442409944376,-3.52511139312047,1
-7.88659661166627,-4.08236881700291,1
-0.006204807070506302,2.562128488523518,0
-1.9580571816541061,7.206196931571349,0
-9.77365756648077,-3.080217466138191,1
-7.691642792056605,-1.5896733785699588,1
-9.056946950565813,-3.709136171903017,1
-9.117784725751834,-2.190580516027172,1
-8.978760786228607,-1.8120281203721875,1
-12.679319066279865,-4.232064832533697,1
-1.696485339762187,3.243747440089422,0
-9.535406302898503,-2.2801144862209926,1
-9.946613709822323,-3.9408098032269803,1
-3.329714060408005,4.30537483142288,0
-9.885398356820101,-6.633751653032878,1
-10.692719455407598,-3.50791249572724,1
-9.876871947749969,-2.577218897759844,1
-6.939546794285261,-4.547788485127169,1
1.925659037551748,4.774624142626841,0
-9.416110509538676,-4.485546690379215,1
-12.995858419913104,-3.63380995777092,1
-8.688844019055514,-3.488194653165654,1
-0.886439203273658,2.734183290294256,0
-1.8950504146884963,2.4036857843203743,0
-8.262280176756065,-3.142548805496287,1
-8.504156591537345,-4.896042376495391,1
-7.351284915434263,-6.034565449105607,1
-10.913407368816728,-5.537606751971918,1
-10.557242792125686,-5.951806487637847,1
-8.514845377040203,-4.3175881795744795,1
-10.233115104127338,-2.308076325578992,1
-2.0838552334007865,4.006999542365081,0
-2.3962476126347467,4.608049542902793,0
-0.4895192029405755,3.4623274627624916,0
-9.557354372780717,-4.495454338165914,1
-0.8001158170133852,5.093410483307774,0
-13.45977027409555,-3.4627459360091537,1
-1.634768554990096,4.672271449257102,0
-2.2818302578808725,5.084408924824996,0
-0.81541826101998,4.7675955071997596,0
-1.0698960386675442,1.6706100899053706,0
-8.566724158325579,-5.0980624489872195,1
-9.434859326999238,-3.9862686931101132,1
-0.40108478513676227,5.803142990798498,0
-0.5487252293041074,2.9759389661312596,0
-6.745806898577867,-2.8314035533564565,1
-2.868827223878705,4.480082407402816,0
-2.711576545334285,3.600655333030154,0
-4.341429242748093,4.949260842602514,0
-1.9997001942028956,2.059728088126367,0
-9.879674428892072,-5.743401582907596,1
-9.719199473014774,-2.997810569170917,1
-8.376073014121463,-1.3667609674353742,1
-8.710695325516479,-5.991543809016099,1
-1.9289783479255564,5.15907753286091,0
-10.567245936828472,-4.509895824205415,1
-7.643079238784811,-4.505096849412035,1
-7.15197147257428,-6.025435277046009,1
-0.737470492207347,3.8830135824698324,0
-12.303255804062445,-3.1974892185786508,1
0.9576577403762006,3.2646795175005074,0
-10.929523511839713,-4.427707538811535,1
-2.0142153336679995,5.498210118842635,0
-9.718394955948696,-2.665919546039893,1
-0.6394551461313627,3.926787470495155,0
-11.602737859846767,-3.032421201243472,1
-0.5445250906777261,2.1421308425070964,0
-12.264327415518405,-5.260481645755641,1
-1.2988015777274764,2.907350116805892,0
-1.8438952442264918,3.002835717454558,0
-2.8728307006567126,5.242649048130212,0
-1.044161287853253,5.69629632653853,0
-2.8112655249853598,3.8596827942832053,0
-0.9237183402340612,2.313565331245171,0
-1.8245471411939298,4.419313286997198,0
-1.9346602019285555,6.057990172845884,0
-9.340350414126803,-4.584993874961925,1
-1.0811564674320318,5.483925972474676,0
-1.686286229529428,3.5062816699897423,0
-2.3326669549559536,3.397817810663267,0
-11.382329439279596,-4.148641359665718,1
-8.259196545358668,-5.687048954594507,1
-9.520925684999717,-4.593349473420884,1
-2.964572240734798,4.9602755731634725,0
-1.8175769747098327,5.351783374870528,0
-1.7126117932665859,7.572397449244226,0
-8.851650373580934,-1.4224657126304017,1
-3.719235886318653,4.8792289569066,0
-3.305291446331563,5.664441989685727,0
-0.1317311937966965,6.252327168775248,0
-9.990560755988632,-3.121969737500063,1
1.4223762478286543,4.486604174040683,0
-10.70702584219743,-6.063944713109487,1
-11.395234846892556,-5.554902061704737,1
-8.774311964086785,-4.3763574009796455,1
-10.530832739391315,-3.80493517831446,1
-4.0282943340402175,3.1635479005585525,0
-11.56281191400863,-3.174894490250686,1
-2.3782955541276394,4.93174060708558,0
-0.35310520215015595,3.6438041674300603,0
-2.8263481458896385,6.080251530729415,0
-1.6395308914277547,3.364449475912322,0
-11.116178578158452,-3.8812724873635087,1
-9.131293999995533,-3.533004813789704,1
-1.7283599350531706,4.078389680391598,0
-0.6865944398125188,4.567504809578546,0
-8.972678121784197,-3.0404784721716602,1
-9.039318524523388,-4.651838146013954,1
-11.543909545291276,-4.36125674689003,1
0.7658644923374309,5.160601191843018,0
-1.4768279994613642,6.100715730711041,0
-4.446532702618647,6.260735914522392,0
-9.235735998730032,-4.439397040893215,1
-10.922832141244852,-3.97330487932445,1
-10.967449043829092,-6.126835870146272,1
-1.861749599892105,5.980317304972013,0
-1.9394145638095428,4.253871060049444,0
-9.780231513151442,-0.9261657688526594,1
-10.951482551528665,-3.5761383806564018,1
0.9600927278934392,3.2438844382330094,0
-7.659680121869529,-0.39875326376584885,1
-9.583558372768188,-4.323873283691808,1
-9.965954760770877,-3.3103604379123754,1
-0.8931532442103858,6.972482626849865,0
-9.177617104778463,-4.669421040712196,1
-1.238562290264561,4.2968208132222445,0
-1.6857423337027866,5.50359364453076,0
-7.906590939902456,-4.836517958115985,1
-7.547798189284546,-3.565234805894808,1
-2.118865924891077,5.648451832754031,0
-0.8901651753215063,3.959350616189088,0
-2.5536894078300127,5.698924520854968,0
-9.216494205336494,-3.8657907214187097,1
-9.736630804410508,-3.6864302104207884,1
-9.281758909065275,-4.313452897492391,1
-2.5482518336784237,0.9491279621879545,0
-8.752870937506433,-2.711661404924857,1
-1.4394120108681854,5.264197187140646,0
-2.5052430078219734,4.541019479827047,0
-10.623959237754349,-3.7556750965869194,1
-1.0627392686257429,2.912473535210562,0
1.5471821952107039,3.228188873462808,0
-7.562519348713472,-2.2186831377727345,1
-3.9886080807137727,5.2741864992275245,0
-9.452345674667436,-5.252652568414618,1
-0.6428485492688023,2.7466302677553336,0
-3.6574874057243916,1.7654570282449864,0
-6.757028913364186,-0.954860526517542,1
-12.185216412699049,-2.5262758286432856,1
0.33762576293286806,3.975528073629133,0
-0.6195105674579429,3.2693888760088132,0
-1.5962392858751302,5.2807126894168945,0
-10.434410759844608,-3.0417756746547706,1
0.04109425755463647,2.7566529678721152,0
-1.9930521198640585,4.105352765448165,0
-2.9045763843000296,2.877210094734587,0
-0.6670382912495458,5.8860181391612585,0
-1.9589009829428443,3.4245851160556944,0
-9.368319647328763,-4.089966649753974,1
-2.4352015928288613,2.910949627367767,0
-2.457910937295786,6.083689963919705,0
-8.788842542645217,-4.282676798004453,1
-9.53373580034611,0.422614596946457,1
-3.453352171435242,8.16546029682117,0
-0.9821359801156572,6.062751358297982,0
-10.627289308522359,-5.79245348922278,1
-9.025825285183725,-5.980822625339716,1
-9.16141354158712,-4.617331661868434,1
-4.587717836816369,2.302996150663456,0
-1.947313234490942,3.075046422715907,0
-4.502460327163218,4.541083545010138,0
-8.23484501459102,-2.2735000420289966,1
-9.252954946115683,-3.8393826117291217,1
-2.1349117007410388,5.3679686684184205,0
-6.652301281950583,-4.776489791091783,1
-9.77791439450549,-3.5755589924829496,1
-11.722296685864814,-3.314914677946649,1
-0.9074155211085244,3.688568758051385,0
-9.465721774059222,-5.1474464216061975,1
-3.280625944616779,5.494700875565465,0
-0.7317512097690797,3.7417319727922047,0
-4.715361744469712,1.492606096628478,0
-2.34947415220955,5.373020367888645,0
-0.926782686142274,4.293132299311578,0
-10.479434473733043,-3.903752688769014,1
-8.264819870525876,-3.434261927936194,1
-3.6193610152145475,4.521060589082549,0
-0.4624642130001049,4.253591809947761,0
-8.03746662500193,-3.4782760600551934,1
-1.1337409379523584,2.438064751987014,0
-11.045568496727883,-7.446910231003713,1
-10.197945507702192,-0.9735008809496044,1
0.7879773644976762,5.697826730370806,0
-8.612078550057154,-7.634186442860106,1
-9.718600727983072,-4.2355237975096545,1
-1.8894141485991571,0.7577270998724916,0
-13.03702212740389,-3.9517663924504642,1
-1.0206796411942956,4.480110464555607,0
-1.7635529509842438,4.243901768082852,0
-2.423018322682812,4.156760936514223,0
-7.524821388076475,-3.3041632479113967,1
-8.491572846750865,-2.6438397913899077,1
-9.357326010414575,-4.491231743861162,1
-2.0588876649539527,4.455411688883199,0
-2.406880251395137,3.940012401388885,0
-0.3082759820519019,3.380898080081662,0
-9.423172199017293,-2.5413601705388964,1
-10.520419213832048,-3.1467909162018737,1
-11.133889053757839,-4.497317425514342,1
-8.112606297331103,-2.8447077929992695,1
-7.551767815444547,-3.6941244212077162,1
-0.3796366272129199,4.196922273181553,0
-1.2324377396749326,4.800191037038064,0
-10.932632494220377,-4.733890088068247,1
-10.56639191985436,-1.256469497781037,1
-9.495339788002513,-1.399703477001292,1
-7.714913853651856,-3.6496775119922362,1
-10.55580952516804,-3.8269024609977684,1
0.7036419569100518,6.216401715896514,0
-3.4584619544512987,5.701507845159194,0
-13.269254454276027,-3.049950856055398,1
-9.23966734138427,-3.181051290579439,1
1.6188032038512228,2.311745365610955,0
-1.5002258198956928,2.117969394499125,0
-2.2938453480346825,4.536186478629593,0
-10.284256260752514,-5.132530452723456,1
-1.3731866789473206,7.556872573561424,0
1.2261632330078678,3.497517888035265,0
-0.9842332928917513,5.347645492972827,0
-9.503477553510885,-4.392216950403067,1
-2.3491364275056217,6.964715145476325,0
-1.8853163944241969,5.779738770937021,0
0.1371863566333571,6.963381125901772,0
-5.929787692810368,-5.6005714961990325,1
-0.2713080838949411,3.7210080824528555,0
-8.924712329995941,-3.2946574875350016,1
-2.3587921911874115,6.483976884316119,0
-10.677369930720001,-5.064793561272743,1
0.2772234483277942,4.231823646435665,0
-1.434535487856814,5.10179135144066,0
-1.466994420714603,7.047112644206145,0
-1.1861074850861117,1.373188045107157,0
-6.826976864973936,-3.4665182734695943,1
-10.26311733949116,-7.34727153688161,1
-10.38951538283787,-2.6584534489570824,1
-2.5612951069225947,5.240600133959239,0
-1.1776610342227722,3.318667480225112,0
-0.7745007097072742,3.38741419434731,0
-0.14761018954765204,4.994992235529622,0
-10.621825819893376,-3.005862895876893,1
-8.920387929810321,-5.072609113349225,1
-10.643733444264026,-4.850301361113562,1
-0.10132300315939835,7.686959339304548,0
-11.769306850259797,-2.84626801932425,1
1.6264896875060808,1.561948484506523,0
-9.240131875214955,-4.353854816376076,1
-1.1328845611820715,4.303334174225204,0
-3.3019276745600825,4.660563518431164,0
-11.317307206071439,-0.7234983434687763,1
-10.555910377467285,-2.5799202191233546,1
-0.9843266367977511,7.054492519621769,0
-9.318642070298557,-1.6230007150200443,1
-11.212922549618664,-3.0313546681751706,1
-1.4975136799800015,4.45061629729931,0
1.1974281565629523,6.073074916683918,0
-7.549808730670559,-4.556031798111035,1
-8.276302491742944,-4.725450930465686,1
-5.84918740616833,7.312783089267281,0
-6.149533332577931,-4.649520905835513,1
-10.63531896728648,-1.4657495376513152,1
-3.6024467338701505,4.517970699367109,0
-7.189257610240112,-2.8016213538769104,1
-11.446645316001838,-3.475309733192507,1
-2.0733289997902347,6.249923247319208,0
-8.835910718359631,-5.809095598760273,1
-2.9985299162178456,4.1646923895313055,0
-1.5170657408447776,4.5276163517776915,0
-12.111526418361388,-2.2572605155695085,1
-10.013501766784623,-4.535709907847014,1
-11.050185301899047,-4.5644030751247815,1
-10.338591267693618,-5.044562711942906,1
-3.049867814761456,4.132859259298515,0
-12.325198962440828,-1.8185827678745539,1
-2.747955584650161,3.104836852407776,0
0.5047554867959443,3.596967525539423,0
-11.26889131042767,-2.775991576282145,1
-2.277018650731243,6.324281993105744,0
-8.481851936706793,-3.6425036283459544,1
-8.08877750671136,-5.451198169547012,1
-0.4670207643112525,3.844832390578331,0
-11.592105647211628,-4.335298145561608,1
-12.134213016424603,-2.012075077474443,1
-1.2355463375758893,3.1673437210721813,0
-9.917038897012482,-4.642721297121756,1
-1.3968083121214165,4.326264329740427,0
-3.568398038817511,4.87681144953831,0
-11.294957415851481,-3.0402249238506514,1
-13.047052681652799,-4.625831030800636,1
-8.437654821851382,-3.093450374575645,1
-1.5428282140794607,5.334060261840948,0
-2.3759311879336007,4.445489860121649,0
1.0925165340260108,5.253064152084632,0
-1.1810012618628716,4.032434305627047,0
-3.7993930367293176,7.058429791309701,0
-10.665205007726977,-5.777755081236413,1
-11.963694352091192,-4.704400910144466,1
-9.144356367899027,-1.0601480893320288,1
-0.4380452122251315,5.577194763480723,0
-3.155089599243043,4.246298888674324,0
-1.5940564161809359,4.067018505072753,0
-8.602415195342521,-3.3446800674203803,1
-1.5840842767278165,5.38197469022168,0
-10.825232869369618,-4.428296011241395,1
-11.286769479029916,-2.4083448145131383,1
1.2201285236936124,2.318949054762111,0
0.280764525046443,3.7479933733437454,0
-7.829544541633756,-7.884866001075203,1
-9.222883804589545,-4.3394410421234495,1
-3.8208739423862794,6.254869475085815,0
-1.3621103257583649,4.58500283755435,0
-12.469941881564505,-5.99826338293091,1
-7.445860055638487,-3.7319448933829937,1
-3.0859237825246737,3.349964371557973,0
-10.27655077008647,-3.129215806892937,1
-1.419504301776774,5.720743250517499,0
-10.375490799528226,-5.9430830190283865,1
-2.8324274299787207,3.75022639460029,0
-9.026649829875993,-1.8731101564516384,1
-2.037071217395656,4.980562629429707,0
-10.358763256281081,-5.236855635954953,1
-0.26267638779634095,5.831203091660155,0
-5.655748814841728,3.766846942392878,0
-13.238654510102602,-3.3433650733403972,1
-0.6479657487172163,3.3229020107219354,0
-11.443197381004659,-3.3934570868875373,1
-10.161060203910166,-2.547016283061585,1
-1.404756022927162,2.660477912101358,0
-8.371084658503781,-4.118493984841197,1
-7.243908185343209,-3.67241550615372,1
-9.869788030384383,-3.6333546432667227,1
-11.191152422836788,-5.018427370852783,1
-0.7497373053285773,3.3005554272032636,0
-10.20227126828785,-6.007269155183192,1
-3.087653057007908,3.6292715402450293,0
-11.6858916230284,-4.467204960831773,1
-10.02668651368447,-3.5492523681559125,1
-0.5264718621622366,5.4579630511280275,0
-3.5148399707606157,5.720248260317111,0
-1.1259840135844943,5.680870136485394,0
-3.37333720298173,3.8824757852238454,0
-10.641791463472622,-4.6652333479823165,1
-11.481159189290407,-5.378144336594693,1
-0.15102988548169494,4.936840692847105,0
-2.1493091530657957,2.3924761847770077,0
-9.876087694956212,1.195646600330134,1
-11.439758207495283,-6.093871990430645,1
-0.9167429199815789,4.14443512922941,0
-8.24970934194429,-3.6583806049128476,1
-0.5712341288304197,3.920183539615345,0
-12.425189401068064,-1.1610008939469703,1
-11.703669120564271,-5.157957546593421,1
-0.9678137559829934,2.6425158616811886,0
-2.6903189561279186,3.138681406595082,0
-0.8869494854894711,0.2326881673637775,0
-3.0926977995090534,5.285355515497085,0
-0.9975132405956464,4.256257018917912,0
-0.7499539894927642,7.8470662873789285,0
-1.1823286064304854,4.3776424176967055,0
-0.06906864221330844,1.8397383794064224,0
-9.274448881002911,-6.772279034538457,1
0.09105284305142658,4.346986818707438,0
-9.714882530732858,-3.8831015103670428,1
-3.504647109448962,5.232296112807484,0
-1.4251641305433946,4.121158331215869,0
-11.351960117408774,-3.0810846225010207,1
-4.170853617376918,5.64403460550164,0
-1.7147863907240606,4.57504260203149,0
-0.40555282679711624,6.721528535049887,0
-1.9729012560106867,5.286424655616458,0
-12.961307716463857,-4.836745311428821,1
-9.976039881126422,-6.172718599287373,1
-2.1754109697641084,2.9062360840343877,0
-11.892783915252773,-5.939722373133682,1
-2.9515344471125826,5.41855715737512,0
2.1329286542610775,4.033537702269971,0
-3.218333389000874,5.506024716421779,0
-10.601413940507525,-6.168697019141426,1
-0.6506302837663012,8.04980532312763,0
-9.536715903082515,-3.851300495360586,1
0.9808139337251203,4.315511131180947,0
-0.6776896770684688,4.329707197431665,0
-12.913595141150783,-5.71438406217747,1
-7.937713820963935,-4.744477732813706,1
-2.148651864588724,4.360122742436958,0
-4.469301372401472,5.787412545925596,0
-8.018123635695213,-2.58242232504453,1
-10.655108427184349,-3.98447843976084,1
-2.153137229960141,6.4271480658489075,0
-4.574545014451049,4.935231415397161,0
-7.60601555591977,-5.2965108332880835,1
0.5842672428781936,5.419670582649479,0
-2.7911568174434986,6.285792101693094,0
-8.828474704574784,-5.582799908179542,1
-12.039182164509935,-4.473863471030583,1
-11.244472608431206,-4.799328234978439,1
-9.159508021375434,-6.210685473032473,1
-7.759866462310216,-3.908331258105691,1
-0.18005712421665643,4.726790720846324,0
-0.10938370105216366,4.187079956926131,0
-8.214196368065515,-7.430991263894313,1
-10.052280469299243,-1.1021795677774664,1
0.8261270511158689,6.533000888342202,0
-1.7863219470554643,3.960447044682906,0
0.16735144525350143,1.4954684222958217,0
-9.547331989172818,-4.597742058213693,1
-3.0822193906292146,3.7712724230048575,0
-2.5975729081475016,3.515725267961397,0
0.5336019996189414,1.3162788045966805,0
-11.49414376641018,-5.66289867941238,1
-1.1287542656242588,4.126057344044037,0
-1.9182022172741733,3.089702241961104,0
-12.659606485990352,-4.421693039429923,1
-11.441706350223093,-5.831284695974195,1
-11.670163759946355,-5.906287086387149,1
0.17817386796132673,2.826170758292689,0
-8.73841116947378,-4.9367735780827235,1
-8.605277181265501,-3.8282652915093407,1
-2.222487331083691,3.448394257661828,0
-3.9949722427460665,3.487826676416645,0
-8.03431400223085,-2.8537397065495353,1
-2.8105246454461215,5.418345929277168,0
-11.041754010597334,-1.0476511764267387,1
-2.549575537312148,5.171951263961045,0
-12.072781532382347,-2.8772056143076186,1
-9.347671975496368,-4.298282581332036,1
-1.6338128163873866,3.762776451490521,0
-9.429849138459359,-4.762895026582982,1
0.15312458687942487,6.080042573019891,0
-7.858799462406775,-1.7658410422344657,1
-3.233161523701444,4.881478211578143,0
-2.3726192186554926,5.122905141569498,0
-8.597268061339772,-6.59901062099014,1
-10.871001160842601,-3.463129078684622,1
-0.521351415801623,5.733853090540487,0
-1.6334457934985127,2.723461775722829,0
-9.381403096654495,-3.6663026746548244,1
-1.9931809487433825,6.611730384581772,0
-11.799445986533277,-4.401990997504921,1
-2.1770407211809886,4.060230254139958,0
-2.0408297073595723,6.50625578256464,0
-2.5530617273139553,3.9428078908803683,0
-11.885237379577577,-4.9040366279082335,1
-2.048034186049318,4.6904296651811475,0
-1.8642270217925692,4.227908587180947,0
-9.865658359465781,-5.065988894617013,1
